;0;1;2
0;2020-04-13;1000;98
1;2020-04-20;1000;28
2;2020-05-03;1000;49
3;2020-05-05;1000;48
4;2020-05-12;1000;16
5;2020-05-19;1000;14
6;2020-04-20;10000;17
7;2020-04-28;10000;18
8;2020-03-23;1002;11
9;2020-04-01;1002;12
10;2020-04-20;1002;14
11;2020-03-20;1003;18
12;2020-03-23;1003;23
13;2020-04-09;1003;13
14;2020-03-18;10041;23
15;2020-03-23;10041;31
16;2020-04-20;10041;13
17;2020-04-28;10041;15
18;2020-03-22;10042;14
19;2020-03-26;10043;18
20;2020-03-29;10043;15
21;2020-04-09;10043;17
22;2020-03-25;10044;12
23;2020-04-04;10044;46
24;2020-04-21;10044;12
25;2020-04-30;10046;11
26;2020-03-21;1053;12
27;2020-03-30;1053;12
28;2020-04-02;1053;21
29;2020-04-11;1053;15
30;2020-04-22;1053;12
31;2020-04-07;1056;46
32;2020-03-30;1058;11
33;2020-03-31;1059;11
34;2020-05-21;1059;16
35;2020-03-31;1060;13
36;2020-05-07;1060;18
37;2020-05-03;1061;48
38;2020-05-05;1061;29
39;2020-04-07;1062;12
40;2020-04-13;1062;70
41;2020-03-05;11000;11
42;2020-03-08;11000;11
43;2020-05-09;11000;17
44;2020-05-18;11000;33
45;2020-05-22;11000;37
46;2020-05-25;11000;18
47;2020-03-17;11001;20
48;2020-03-31;11001;46
49;2020-04-06;11001;36
50;2020-04-27;11001;16
51;2020-05-19;11001;13
52;2020-03-18;11002;19
53;2020-03-16;11003;14
54;2020-04-30;11003;12
55;2020-05-18;11003;12
56;2020-03-30;11004;37
57;2020-04-06;11004;19
58;2020-04-07;11005;14
59;2020-05-14;11005;18
60;2020-03-28;11006;40
61;2020-03-31;11006;28
62;2020-04-17;11006;13
63;2020-03-23;11007;13
64;2020-04-22;11007;12
65;2020-04-28;11007;12
66;2020-03-23;11008;14
67;2020-04-06;11008;23
68;2020-04-20;11008;12
69;2020-04-27;11008;13
70;2020-05-12;11008;12
71;2020-03-23;11009;12
72;2020-04-18;11009;12
73;2020-03-26;11010;13
74;2020-03-30;11011;19
75;2020-04-05;11011;11
76;2020-04-25;11011;19
77;2020-04-28;11011;12
78;2020-03-23;11012;30
79;2020-03-29;11012;14
80;2020-04-05;11012;25
81;2020-03-12;12000;25
82;2020-03-30;12000;95
83;2020-04-14;12000;54
84;2020-04-27;12000;34
85;2020-05-04;12000;20
86;2020-05-20;12000;12
87;2020-03-30;12054;33
88;2020-04-06;12054;30
89;2020-04-10;12054;49
90;2020-04-15;12054;24
91;2020-04-20;12054;11
92;2020-04-09;12060;53
93;2020-04-21;12060;21
94;2020-04-24;12060;12
95;2020-05-01;12060;11
96;2020-03-25;12061;11
97;2020-03-31;12061;20
98;2020-04-28;12061;17
99;2020-05-05;12061;24
100;2020-03-31;12063;15
101;2020-03-24;12065;12
102;2020-04-17;12065;25
103;2020-03-25;12069;17
104;2020-03-30;12069;14
105;2020-04-14;12069;18
106;2020-04-24;12069;36
107;2020-03-25;12072;14
108;2020-04-07;12072;11
109;2020-03-16;13000;14
110;2020-03-23;13000;13
111;2020-03-31;13000;50
112;2020-04-07;13000;35
113;2020-04-15;13000;11
114;2020-04-28;13000;13
115;2020-03-27;13071;13
116;2020-03-31;13071;13
117;2020-03-10;14000;21
118;2020-05-05;14000;61
119;2020-05-18;14000;18
120;2020-03-29;14511;12
121;2020-04-02;14521;83
122;2020-04-08;14521;27
123;2020-04-10;14521;36
124;2020-04-18;14521;15
125;2020-03-23;14523;12
126;2020-04-12;14523;39
127;2020-03-17;14524;18
128;2020-04-07;14524;21
129;2020-05-05;14524;16
130;2020-03-17;14612;17
131;2020-03-23;14612;17
132;2020-04-17;14612;17
133;2020-04-07;14625;13
134;2020-04-10;14625;20
135;2020-05-05;14625;14
136;2020-05-08;14625;22
137;2020-05-18;14625;11
138;2020-03-25;14626;22
139;2020-04-03;14626;57
140;2020-03-30;14627;12
141;2020-04-21;14627;11
142;2020-03-18;14628;12
143;2020-03-30;14628;26
144;2020-05-19;14628;12
145;2020-03-14;14713;12
146;2020-04-16;14713;17
147;2020-03-23;14729;12
148;2020-03-25;14729;13
149;2020-04-09;14729;23
150;2020-04-01;14730;17
151;2020-04-03;14730;13
152;2020-04-07;14730;14
153;2020-03-16;15000;35
154;2020-03-23;15000;66
155;2020-03-30;15000;72
156;2020-05-05;15000;19
157;2020-03-18;15002;16
158;2020-03-20;15002;18
159;2020-03-30;15002;27
160;2020-04-11;15002;11
161;2020-04-29;15002;11
162;2020-03-23;15003;12
163;2020-04-21;15083;11
164;2020-03-31;15085;13
165;2020-04-05;15085;17
166;2020-04-08;15085;13
167;2020-04-17;15085;45
168;2020-03-24;15088;17
169;2020-03-27;15090;15
170;2020-03-12;16000;11
171;2020-03-16;16000;18
172;2020-05-04;16000;30
173;2020-05-11;16000;32
174;2020-05-19;16000;32
175;2020-03-23;16051;13
176;2020-04-14;16052;11
177;2020-04-21;16052;15
178;2020-03-17;16053;11
179;2020-03-28;16053;15
180;2020-04-21;16067;16
181;2020-04-28;16067;19
182;2020-04-20;16072;11
183;2020-05-07;16072;14
184;2020-03-27;16075;16
185;2020-03-31;16076;11
186;2020-04-16;16076;32
187;2020-04-21;16076;19
188;2020-05-04;16076;21
189;2020-03-09;2000;20
190;2020-05-13;2000;14
191;2020-05-20;2000;13
192;2020-03-09;3000;14
193;2020-05-04;3000;93
194;2020-05-11;3000;49
195;2020-05-18;3000;70
196;2020-05-25;3000;38
197;2020-03-22;3101;26
198;2020-03-24;3101;16
199;2020-03-31;3101;20
200;2020-04-09;3101;23
201;2020-04-07;3102;13
202;2020-03-27;3103;63
203;2020-03-31;3103;19
204;2020-04-02;3103;25
205;2020-04-20;3153;23
206;2020-04-27;3153;14
207;2020-04-19;3154;20
208;2020-04-23;3154;15
209;2020-03-30;3157;18
210;2020-04-06;3158;14
211;2020-04-19;3158;13
212;2020-03-18;3159;19
213;2020-04-10;3159;34
214;2020-04-12;3159;54
215;2020-04-15;3159;49
216;2020-04-18;3159;45
217;2020-04-20;3159;24
218;2020-04-27;3159;11
219;2020-03-23;3241;40
220;2020-04-14;3241;42
221;2020-04-28;3241;27
222;2020-05-12;3241;24
223;2020-05-19;3241;12
224;2020-03-23;3251;19
225;2020-03-17;3254;17
226;2020-03-21;3254;14
227;2020-04-21;3254;13
228;2020-04-08;3255;11
229;2020-04-03;3257;13
230;2020-03-30;3351;12
231;2020-03-23;3352;13
232;2020-05-08;3352;15
233;2020-05-20;3352;11
234;2020-03-17;3353;16
235;2020-03-28;3353;14
236;2020-03-30;3353;14
237;2020-04-03;3353;38
238;2020-04-06;3353;17
239;2020-04-14;3353;13
240;2020-04-21;3353;12
241;2020-03-17;3355;18
242;2020-03-31;3355;12
243;2020-05-21;3359;11
244;2020-03-31;3361;15
245;2020-04-03;3361;14
246;2020-03-23;3403;18
247;2020-03-27;3403;12
248;2020-04-04;3403;17
249;2020-03-13;3404;11
250;2020-03-16;3404;28
251;2020-05-04;3404;12
252;2020-05-07;3404;11
253;2020-03-18;3454;11
254;2020-04-06;3454;14
255;2020-05-02;3454;11
256;2020-04-07;3456;13
257;2020-04-16;3456;13
258;2020-03-28;3458;44
259;2020-04-01;3458;20
260;2020-03-16;3459;26
261;2020-04-22;3459;22
262;2020-04-24;3459;17
263;2020-05-04;3459;32
264;2020-05-11;3459;12
265;2020-05-13;3459;19
266;2020-05-18;3459;45
267;2020-05-22;3459;53
268;2020-05-25;3459;19
269;2020-03-23;3460;12
270;2020-03-25;3460;30
271;2020-03-27;3460;31
272;2020-03-30;3460;26
273;2020-04-05;3460;16
274;2020-03-25;3461;14
275;2020-03-17;4000;12
276;2020-03-19;4000;40
277;2020-04-07;4000;36
278;2020-04-22;4000;108
279;2020-04-28;4000;43
280;2020-05-03;4000;17
281;2020-05-06;4000;54
282;2020-05-12;4000;20
283;2020-05-24;4000;13
284;2020-03-19;4011;38
285;2020-03-26;4011;31
286;2020-04-07;4011;35
287;2020-04-22;4011;108
288;2020-04-28;4011;37
289;2020-05-03;4011;16
290;2020-05-06;4011;46
291;2020-05-12;4011;19
292;2020-05-24;4011;12
293;2020-02-27;5000;19
294;2020-03-09;5000;97
295;2020-03-13;5111;17
296;2020-03-16;5111;42
297;2020-03-23;5111;46
298;2020-03-30;5111;54
299;2020-04-06;5111;55
300;2020-05-05;5111;25
301;2020-05-13;5111;31
302;2020-05-24;5111;16
303;2020-03-16;5112;23
304;2020-03-30;5112;30
305;2020-05-12;5112;25
306;2020-05-15;5112;12
307;2020-05-19;5112;32
308;2020-03-15;5113;38
309;2020-03-19;5113;73
310;2020-03-21;5113;44
311;2020-03-23;5113;54
312;2020-03-25;5113;28
313;2020-03-31;5113;11
314;2020-04-02;5113;17
315;2020-04-06;5113;36
316;2020-04-14;5113;16
317;2020-04-16;5113;14
318;2020-04-20;5113;172
319;2020-05-04;5113;17
320;2020-05-25;5113;19
321;2020-03-23;5114;17
322;2020-03-30;5114;21
323;2020-04-16;5114;18
324;2020-03-21;5116;20
325;2020-03-24;5116;14
326;2020-03-26;5116;24
327;2020-03-31;5116;28
328;2020-04-05;5116;29
329;2020-04-22;5116;16
330;2020-05-06;5116;15
331;2020-03-30;5117;14
332;2020-04-22;5117;11
333;2020-03-31;5119;16
334;2020-03-22;5120;11
335;2020-04-09;5120;29
336;2020-03-17;5122;11
337;2020-03-19;5122;12
338;2020-03-22;5124;19
339;2020-03-30;5124;11
340;2020-03-31;5124;43
341;2020-04-06;5124;40
342;2020-04-08;5124;80
343;2020-04-25;5124;13
344;2020-03-16;5154;19
345;2020-03-23;5154;18
346;2020-04-07;5154;16
347;2020-04-11;5154;48
348;2020-04-15;5154;19
349;2020-05-11;5154;18
350;2020-05-26;5154;29
351;2020-03-16;5158;21
352;2020-03-23;5158;39
353;2020-04-12;5158;12
354;2020-04-28;5158;17
355;2020-03-19;5162;36
356;2020-03-24;5162;43
357;2020-03-29;5162;33
358;2020-04-05;5162;27
359;2020-04-22;5162;12
360;2020-04-28;5162;11
361;2020-03-14;5166;14
362;2020-03-23;5166;17
363;2020-03-25;5166;18
364;2020-03-31;5166;45
365;2020-04-03;5166;44
366;2020-04-07;5166;15
367;2020-04-21;5166;24
368;2020-04-29;5166;13
369;2020-03-16;5170;23
370;2020-03-23;5170;16
371;2020-03-30;5170;12
372;2020-04-06;5170;17
373;2020-04-11;5170;17
374;2020-04-19;5170;12
375;2020-03-17;5314;34
376;2020-03-31;5314;25
377;2020-04-07;5314;21
378;2020-04-09;5314;25
379;2020-04-24;5314;23
380;2020-05-23;5314;12
381;2020-03-12;5315;40
382;2020-05-05;5315;19
383;2020-05-12;5315;12
384;2020-04-15;5316;11
385;2020-03-04;5334;16
386;2020-03-13;5334;22
387;2020-03-17;5334;58
388;2020-03-19;5334;49
389;2020-04-07;5334;81
390;2020-04-12;5334;25
391;2020-04-15;5334;54
392;2020-03-31;5358;16
393;2020-04-02;5358;44
394;2020-04-07;5358;19
395;2020-04-15;5358;12
396;2020-03-16;5362;15
397;2020-03-20;5362;40
398;2020-03-23;5362;22
399;2020-03-29;5362;45
400;2020-04-05;5362;32
401;2020-04-13;5362;23
402;2020-04-15;5362;20
403;2020-04-19;5362;18
404;2020-04-30;5362;16
405;2020-03-26;5366;26
406;2020-04-01;5366;20
407;2020-04-03;5366;41
408;2020-04-08;5366;15
409;2020-04-22;5366;11
410;2020-05-06;5366;19
411;2020-05-25;5366;18
412;2020-02-27;5370;18
413;2020-03-09;5370;44
414;2020-03-16;5370;66
415;2020-04-06;5370;22
416;2020-04-11;5370;24
417;2020-05-15;5370;24
418;2020-03-16;5374;20
419;2020-03-18;5374;17
420;2020-03-22;5374;24
421;2020-03-24;5374;14
422;2020-03-31;5374;29
423;2020-04-06;5374;11
424;2020-03-13;5378;11
425;2020-03-16;5382;12
426;2020-03-23;5382;93
427;2020-04-14;5382;42
428;2020-04-21;5382;13
429;2020-05-15;5382;33
430;2020-05-18;5382;89
431;2020-05-21;5382;18
432;2020-04-23;5512;13
433;2020-05-03;5512;11
434;2020-03-19;5513;16
435;2020-05-15;5513;16
436;2020-03-15;5515;18
437;2020-05-14;5515;18
438;2020-03-13;5554;16
439;2020-03-30;5554;26
440;2020-05-09;5554;14
441;2020-05-11;5554;28
442;2020-05-20;5554;16
443;2020-05-25;5554;11
444;2020-03-23;5558;36
445;2020-03-29;5558;53
446;2020-04-06;5558;21
447;2020-04-30;5558;11
448;2020-05-07;5558;75
449;2020-05-19;5558;13
450;2020-05-21;5558;13
451;2020-03-16;5562;28
452;2020-03-23;5562;33
453;2020-03-26;5562;29
454;2020-04-14;5562;16
455;2020-04-15;5562;63
456;2020-04-30;5562;35
457;2020-05-06;5562;13
458;2020-03-16;5566;19
459;2020-03-17;5566;59
460;2020-03-23;5566;43
461;2020-05-06;5566;13
462;2020-03-13;5570;15
463;2020-03-17;5570;27
464;2020-03-23;5570;24
465;2020-03-25;5570;26
466;2020-03-27;5570;20
467;2020-04-08;5570;13
468;2020-04-12;5570;22
469;2020-03-12;5711;11
470;2020-03-23;5711;32
471;2020-03-25;5711;54
472;2020-03-30;5711;14
473;2020-04-02;5711;24
474;2020-04-08;5711;31
475;2020-04-16;5711;54
476;2020-03-13;5754;17
477;2020-03-15;5754;11
478;2020-03-16;5754;34
479;2020-04-05;5754;23
480;2020-04-20;5754;23
481;2020-05-20;5754;15
482;2020-03-13;5758;12
483;2020-03-17;5758;11
484;2020-04-01;5758;24
485;2020-04-02;5762;28
486;2020-04-08;5762;14
487;2020-04-30;5762;14
488;2020-03-15;5766;19
489;2020-03-17;5766;16
490;2020-03-30;5766;19
491;2020-04-14;5766;35
492;2020-04-20;5766;35
493;2020-04-27;5766;13
494;2020-03-13;5770;18
495;2020-03-15;5770;19
496;2020-03-27;5770;11
497;2020-03-31;5770;36
498;2020-04-11;5770;14
499;2020-05-06;5770;23
500;2020-03-21;5774;15
501;2020-03-30;5774;38
502;2020-04-06;5774;56
503;2020-04-11;5774;27
504;2020-04-13;5774;13
505;2020-04-20;5774;13
506;2020-03-19;5911;18
507;2020-03-29;5911;11
508;2020-04-10;5911;38
509;2020-04-15;5911;30
510;2020-04-22;5911;12
511;2020-05-11;5911;14
512;2020-03-16;5913;17
513;2020-03-23;5913;16
514;2020-04-26;5913;21
515;2020-03-19;5914;17
516;2020-04-01;5914;11
517;2020-04-11;5914;21
518;2020-04-15;5914;11
519;2020-04-22;5914;19
520;2020-05-08;5914;15
521;2020-03-19;5915;24
522;2020-03-31;5915;14
523;2020-04-02;5915;37
524;2020-04-14;5915;19
525;2020-04-16;5916;13
526;2020-04-29;5916;11
527;2020-03-23;5954;16
528;2020-04-15;5954;12
529;2020-04-17;5954;13
530;2020-03-19;5958;32
531;2020-03-31;5958;34
532;2020-04-07;5958;19
533;2020-03-25;5962;19
534;2020-04-05;5962;16
535;2020-04-09;5962;45
536;2020-04-15;5962;24
537;2020-04-21;5962;13
538;2020-04-24;5962;20
539;2020-04-26;5962;12
540;2020-03-25;5966;17
541;2020-03-13;5970;12
542;2020-04-14;5970;12
543;2020-03-17;5974;19
544;2020-03-19;5974;18
545;2020-03-21;5974;35
546;2020-04-06;5974;22
547;2020-04-08;5974;19
548;2020-03-17;5978;13
549;2020-03-21;5978;13
550;2020-03-24;5978;32
551;2020-04-09;5978;20
552;2020-04-15;5978;26
553;2020-04-19;5978;17
554;2020-04-30;5978;15
555;2020-03-09;6000;20
556;2020-03-16;6000;126
557;2020-03-23;6000;277
558;2020-05-05;6000;90
559;2020-04-19;6411;21
560;2020-03-13;6412;11
561;2020-03-16;6412;15
562;2020-03-23;6412;32
563;2020-03-29;6412;41
564;2020-04-14;6412;52
565;2020-05-12;6412;11
566;2020-05-17;6412;56
567;2020-05-22;6412;24
568;2020-03-16;6414;13
569;2020-03-18;6414;13
570;2020-03-23;6414;34
571;2020-03-30;6414;26
572;2020-05-23;6414;19
573;2020-03-16;6431;12
574;2020-03-23;6431;29
575;2020-03-29;6431;20
576;2020-04-04;6431;14
577;2020-03-19;6432;17
578;2020-03-24;6432;11
579;2020-03-30;6432;16
580;2020-04-01;6433;19
581;2020-04-15;6433;14
582;2020-04-21;6433;13
583;2020-05-12;6433;13
584;2020-03-24;6434;16
585;2020-03-17;6435;15
586;2020-03-30;6435;19
587;2020-04-06;6435;13
588;2020-04-20;6435;11
589;2020-04-28;6435;16
590;2020-05-26;6435;17
591;2020-03-23;6436;12
592;2020-03-30;6436;15
593;2020-04-28;6437;20
594;2020-03-31;6438;16
595;2020-04-06;6438;13
596;2020-04-14;6438;11
597;2020-05-06;6438;19
598;2020-03-26;6439;19
599;2020-04-01;6439;22
600;2020-03-23;6532;17
601;2020-03-31;6532;15
602;2020-04-05;6532;22
603;2020-04-09;6532;20
604;2020-03-18;6533;26
605;2020-03-23;6533;33
606;2020-03-26;6533;19
607;2020-03-16;6534;19
608;2020-03-25;6534;11
609;2020-04-24;6611;11
610;2020-04-28;6611;18
611;2020-03-14;6631;19
612;2020-03-18;6631;13
613;2020-03-23;6631;25
614;2020-03-31;6631;17
615;2020-04-07;6631;17
616;2020-04-14;6631;11
617;2020-04-08;6632;22
618;2020-04-07;6633;20
619;2020-03-17;6634;15
620;2020-04-01;6634;26
621;2020-04-06;6634;12
622;2020-03-17;6635;13
623;2020-04-09;6636;21
624;2020-04-11;6636;22
625;2020-04-13;6636;12
626;2020-04-23;6636;21
627;2020-05-04;7000;28
628;2020-05-17;7131;13
629;2020-04-08;7132;11
630;2020-03-30;7133;18
631;2020-03-15;7135;17
632;2020-03-27;7135;17
633;2020-03-15;7137;25
634;2020-03-21;7137;13
635;2020-03-19;7138;11
636;2020-03-22;7138;13
637;2020-03-30;7138;13
638;2020-04-06;7138;18
639;2020-04-14;7138;11
640;2020-03-22;7143;14
641;2020-04-07;7143;29
642;2020-04-17;7143;14
643;2020-03-26;7232;17
644;2020-04-01;7232;16
645;2020-04-04;7233;17
646;2020-03-29;7235;20
647;2020-03-29;7314;11
648;2020-03-31;7314;14
649;2020-04-05;7314;17
650;2020-04-12;7314;28
651;2020-03-18;7315;15
652;2020-04-05;7315;17
653;2020-04-15;7315;16
654;2020-05-15;7315;11
655;2020-03-23;7316;11
656;2020-03-17;7319;11
657;2020-04-03;7319;16
658;2020-03-17;7331;13
659;2020-03-22;7333;12
660;2020-03-26;7333;12
661;2020-04-03;7334;16
662;2020-03-13;7336;12
663;2020-03-23;7338;27
664;2020-03-27;7338;16
665;2020-03-31;7338;29
666;2020-03-31;7339;13
667;2020-04-15;7339;19
668;2020-04-21;7339;11
669;2020-04-11;7340;11
670;2020-03-13;8111;38
671;2020-03-16;8111;70
672;2020-04-14;8111;20
673;2020-04-13;8115;17
674;2020-04-21;8115;16
675;2020-03-10;8116;16
676;2020-03-16;8116;76
677;2020-03-22;8116;48
678;2020-03-24;8116;64
679;2020-04-15;8116;28
680;2020-04-21;8116;45
681;2020-04-28;8116;12
682;2020-05-15;8116;18
683;2020-03-17;8117;18
684;2020-03-31;8117;52
685;2020-04-07;8117;29
686;2020-04-12;8117;20
687;2020-04-15;8117;24
688;2020-03-16;8118;16
689;2020-03-23;8118;61
690;2020-04-22;8118;40
691;2020-03-13;8119;12
692;2020-03-17;8119;17
693;2020-03-31;8119;53
694;2020-04-15;8119;29
695;2020-04-20;8119;13
696;2020-05-13;8119;24
697;2020-03-20;8121;11
698;2020-04-08;8121;19
699;2020-04-18;8121;18
700;2020-03-20;8125;23
701;2020-04-14;8125;17
702;2020-04-21;8125;14
703;2020-03-12;8126;12
704;2020-03-14;8126;25
705;2020-03-17;8126;66
706;2020-03-20;8126;35
707;2020-03-24;8126;17
708;2020-04-06;8126;32
709;2020-03-17;8127;26
710;2020-04-26;8127;21
711;2020-03-06;8128;16
712;2020-03-27;8128;22
713;2020-03-30;8128;13
714;2020-04-10;8128;17
715;2020-04-16;8128;11
716;2020-04-21;8128;14
717;2020-03-14;8135;12
718;2020-03-18;8135;15
719;2020-03-22;8135;11
720;2020-03-25;8135;29
721;2020-03-30;8135;35
722;2020-04-07;8135;29
723;2020-04-11;8135;34
724;2020-04-14;8135;12
725;2020-04-29;8135;38
726;2020-03-17;8136;46
727;2020-03-30;8136;23
728;2020-04-09;8136;78
729;2020-04-16;8136;43
730;2020-04-20;8136;43
731;2020-04-27;8136;22
732;2020-04-07;8211;11
733;2020-03-28;8212;15
734;2020-03-16;8215;17
735;2020-04-02;8215;108
736;2020-04-06;8215;21
737;2020-04-15;8215;18
738;2020-03-16;8216;11
739;2020-03-22;8216;46
740;2020-03-24;8216;29
741;2020-03-31;8216;19
742;2020-04-07;8216;19
743;2020-04-15;8216;11
744;2020-03-18;8221;19
745;2020-03-16;8222;32
746;2020-03-23;8222;38
747;2020-04-15;8225;51
748;2020-04-21;8225;12
749;2020-03-18;8226;46
750;2020-05-13;8226;15
751;2020-04-16;8231;36
752;2020-04-22;8231;22
753;2020-05-07;8231;14
754;2020-05-11;8231;14
755;2020-05-22;8231;11
756;2020-03-13;8235;12
757;2020-04-11;8235;40
758;2020-04-15;8235;13
759;2020-04-17;8235;18
760;2020-04-19;8235;24
761;2020-03-27;8236;20
762;2020-03-29;8236;21
763;2020-04-07;8236;17
764;2020-04-15;8236;11
765;2020-04-22;8236;41
766;2020-05-11;8236;17
767;2020-03-20;8237;15
768;2020-03-22;8237;28
769;2020-03-31;8237;12
770;2020-04-03;8237;37
771;2020-04-07;8237;51
772;2020-04-09;8237;48
773;2020-04-19;8237;31
774;2020-04-22;8237;11
775;2020-03-24;8311;43
776;2020-04-06;8311;29
777;2020-04-12;8311;13
778;2020-03-16;8315;15
779;2020-03-24;8315;50
780;2020-04-06;8315;14
781;2020-04-07;8315;46
782;2020-04-14;8315;31
783;2020-04-20;8315;17
784;2020-03-19;8316;33
785;2020-03-23;8316;17
786;2020-04-16;8316;12
787;2020-03-18;8317;14
788;2020-03-22;8317;27
789;2020-05-19;8317;25
790;2020-03-24;8325;18
791;2020-03-30;8325;31
792;2020-04-13;8325;32
793;2020-04-15;8325;24
794;2020-04-23;8325;18
795;2020-04-26;8325;15
796;2020-05-03;8325;12
797;2020-03-17;8326;11
798;2020-03-23;8326;12
799;2020-03-30;8326;21
800;2020-04-01;8326;29
801;2020-04-14;8326;16
802;2020-03-23;8327;12
803;2020-03-25;8327;35
804;2020-03-30;8327;25
805;2020-04-04;8327;34
806;2020-04-25;8327;41
807;2020-03-13;8335;18
808;2020-03-18;8335;13
809;2020-03-27;8335;13
810;2020-03-30;8335;31
811;2020-03-28;8336;34
812;2020-03-30;8336;27
813;2020-04-11;8336;16
814;2020-04-16;8336;13
815;2020-03-23;8337;14
816;2020-04-06;8337;11
817;2020-04-16;8337;13
818;2020-03-24;8415;55
819;2020-04-11;8415;77
820;2020-05-08;8415;19
821;2020-05-23;8415;11
822;2020-03-13;8416;21
823;2020-03-23;8416;38
824;2020-03-24;8416;184
825;2020-03-31;8416;61
826;2020-04-15;8416;32
827;2020-03-25;8417;58
828;2020-03-28;8417;61
829;2020-03-30;8417;40
830;2020-04-22;8417;37
831;2020-04-29;8417;21
832;2020-05-06;8417;14
833;2020-04-08;8425;25
834;2020-04-21;8425;11
835;2020-05-08;8425;33
836;2020-03-18;8426;23
837;2020-03-22;8426;19
838;2020-03-24;8426;32
839;2020-03-29;8426;15
840;2020-04-15;8426;12
841;2020-04-28;8426;12
842;2020-05-05;8426;11
843;2020-03-21;8435;11
844;2020-03-24;8435;31
845;2020-04-01;8435;13
846;2020-03-16;8436;17
847;2020-03-23;8436;36
848;2020-03-30;8436;23
849;2020-04-06;8436;13
850;2020-04-15;8436;14
851;2020-03-15;8437;13
852;2020-03-23;8437;22
853;2020-03-31;8437;49
854;2020-04-14;8437;37
855;2020-04-22;8437;16
856;2020-03-09;9000;84
857;2020-03-25;9161;13
858;2020-03-27;9161;24
859;2020-03-31;9161;14
860;2020-04-11;9161;27
861;2020-04-13;9161;22
862;2020-04-16;9161;18
863;2020-04-20;9161;13
864;2020-04-23;9161;15
865;2020-03-09;9162;22
866;2020-03-16;9162;65
867;2020-03-24;9163;15
868;2020-04-14;9163;13
869;2020-05-07;9163;20
870;2020-04-14;9171;17
871;2020-03-23;9172;11
872;2020-03-29;9172;12
873;2020-04-07;9172;19
874;2020-03-18;9173;11
875;2020-03-20;9173;21
876;2020-03-24;9173;19
877;2020-03-30;9173;16
878;2020-04-15;9173;17
879;2020-03-18;9174;24
880;2020-03-23;9174;14
881;2020-03-25;9174;52
882;2020-03-31;9174;43
883;2020-03-30;9175;16
884;2020-04-08;9175;25
885;2020-04-15;9175;19
886;2020-04-29;9175;15
887;2020-03-28;9176;19
888;2020-04-06;9176;15
889;2020-04-07;9177;28
890;2020-03-06;9178;19
891;2020-03-10;9178;12
892;2020-03-14;9178;22
893;2020-03-16;9178;18
894;2020-04-16;9178;12
895;2020-04-27;9178;12
896;2020-05-11;9178;13
897;2020-03-19;9179;16
898;2020-03-30;9179;16
899;2020-04-06;9179;17
900;2020-04-14;9179;15
901;2020-05-04;9179;13
902;2020-03-18;9180;11
903;2020-04-03;9180;38
904;2020-03-21;9181;20
905;2020-03-28;9181;14
906;2020-03-31;9181;17
907;2020-04-22;9181;16
908;2020-03-13;9182;16
909;2020-03-18;9182;14
910;2020-03-21;9182;47
911;2020-04-27;9182;11
912;2020-03-21;9183;16
913;2020-03-24;9183;16
914;2020-03-27;9183;28
915;2020-04-01;9183;28
916;2020-04-15;9183;25
917;2020-03-15;9184;25
918;2020-03-17;9184;26
919;2020-04-14;9184;16
920;2020-04-20;9184;18
921;2020-04-27;9184;16
922;2020-05-14;9184;11
923;2020-04-06;9185;13
924;2020-04-10;9185;25
925;2020-04-16;9185;14
926;2020-04-21;9185;16
927;2020-05-02;9185;14
928;2020-03-24;9186;14
929;2020-03-24;9187;96
930;2020-03-31;9187;100
931;2020-04-14;9187;71
932;2020-04-19;9187;49
933;2020-04-25;9187;38
934;2020-05-04;9187;11
935;2020-04-06;9188;11
936;2020-04-09;9188;23
937;2020-03-25;9189;42
938;2020-04-06;9189;33
939;2020-04-14;9189;26
940;2020-04-19;9189;13
941;2020-03-17;9190;13
942;2020-03-24;9190;16
943;2020-04-11;9190;14
944;2020-05-22;9190;11
945;2020-03-26;9261;26
946;2020-03-29;9261;16
947;2020-03-31;9261;21
948;2020-04-07;9261;24
949;2020-04-11;9261;11
950;2020-04-15;9261;12
951;2020-03-28;9262;11
952;2020-04-07;9263;18
953;2020-04-15;9263;36
954;2020-04-22;9263;31
955;2020-03-17;9271;11
956;2020-04-15;9271;11
957;2020-03-24;9272;11
958;2020-03-27;9272;24
959;2020-04-08;9273;34
960;2020-03-17;9274;12
961;2020-03-24;9274;21
962;2020-03-31;9274;27
963;2020-04-07;9274;39
964;2020-04-11;9274;25
965;2020-03-30;9275;17
966;2020-04-14;9275;15
967;2020-04-24;9275;52
968;2020-04-01;9276;13
969;2020-04-28;9276;11
970;2020-03-17;9277;15
971;2020-03-24;9277;13
972;2020-04-17;9277;11
973;2020-03-27;9278;12
974;2020-04-07;9278;28
975;2020-04-16;9278;21
976;2020-04-21;9278;14
977;2020-05-14;9278;35
978;2020-04-02;9279;12
979;2020-03-18;9362;19
980;2020-05-04;9362;14
981;2020-05-20;9362;37
982;2020-05-23;9362;12
983;2020-05-24;9362;43
984;2020-04-07;9363;16
985;2020-04-14;9363;13
986;2020-03-30;9371;15
987;2020-04-06;9371;34
988;2020-04-08;9371;72
989;2020-04-10;9371;29
990;2020-03-31;9372;25
991;2020-04-24;9372;14
992;2020-04-13;9373;35
993;2020-04-19;9373;14
994;2020-04-23;9373;11
995;2020-03-21;9374;15
996;2020-03-24;9374;24
997;2020-03-30;9374;32
998;2020-04-07;9374;47
999;2020-04-21;9374;21
1000;2020-03-18;9375;17
1001;2020-03-20;9376;16
1002;2020-03-23;9376;14
1003;2020-03-28;9376;32
1004;2020-04-06;9376;20
1005;2020-04-08;9376;46
1006;2020-05-15;9376;22
1007;2020-03-16;9377;12
1008;2020-03-19;9377;16
1009;2020-03-21;9377;68
1010;2020-03-27;9377;89
1011;2020-03-30;9377;55
1012;2020-04-01;9377;103
1013;2020-04-06;9377;66
1014;2020-04-13;9377;30
1015;2020-03-19;9461;13
1016;2020-04-04;9461;15
1017;2020-04-14;9461;14
1018;2020-04-19;9461;13
1019;2020-03-26;9462;16
1020;2020-03-19;9471;24
1021;2020-03-23;9471;13
1022;2020-03-30;9471;15
1023;2020-04-06;9471;23
1024;2020-03-26;9472;33
1025;2020-04-14;9472;16
1026;2020-04-16;9472;23
1027;2020-04-04;9473;11
1028;2020-04-13;9473;39
1029;2020-04-24;9473;11
1030;2020-05-12;9473;25
1031;2020-05-18;9473;12
1032;2020-03-26;9474;30
1033;2020-03-31;9474;14
1034;2020-03-23;9475;14
1035;2020-03-28;9475;13
1036;2020-04-06;9475;19
1037;2020-04-15;9475;15
1038;2020-04-19;9475;14
1039;2020-04-23;9475;20
1040;2020-05-01;9475;12
1041;2020-03-17;9477;11
1042;2020-03-26;9477;20
1043;2020-03-21;9478;13
1044;2020-04-02;9478;20
1045;2020-05-20;9478;12
1046;2020-03-21;9479;24
1047;2020-03-25;9479;29
1048;2020-04-24;9479;13
1049;2020-03-24;9562;11
1050;2020-04-13;9562;13
1051;2020-04-02;9563;35
1052;2020-04-05;9563;14
1053;2020-04-20;9563;16
1054;2020-03-23;9564;14
1055;2020-04-06;9564;38
1056;2020-04-18;9564;31
1057;2020-04-21;9564;19
1058;2020-04-28;9564;14
1059;2020-03-25;9571;24
1060;2020-04-01;9571;38
1061;2020-04-15;9571;21
1062;2020-05-14;9572;22
1063;2020-03-18;9573;13
1064;2020-04-05;9573;19
1065;2020-04-09;9573;22
1066;2020-04-14;9573;14
1067;2020-04-20;9573;12
1068;2020-03-30;9574;27
1069;2020-04-11;9574;21
1070;2020-04-20;9574;12
1071;2020-04-03;9575;13
1072;2020-04-17;9575;27
1073;2020-03-25;9576;18
1074;2020-03-31;9576;17
1075;2020-04-09;9577;43
1076;2020-03-13;9661;12
1077;2020-03-28;9662;26
1078;2020-03-26;9663;31
1079;2020-03-31;9663;36
1080;2020-04-09;9663;13
1081;2020-03-30;9671;20
1082;2020-04-06;9671;17
1083;2020-04-14;9671;20
1084;2020-03-27;9672;18
1085;2020-03-31;9672;23
1086;2020-04-07;9672;16
1087;2020-04-11;9672;12
1088;2020-04-08;9673;15
1089;2020-04-18;9674;13
1090;2020-04-04;9676;16
1091;2020-04-08;9676;15
1092;2020-04-10;9676;20
1093;2020-03-31;9677;11
1094;2020-03-28;9678;41
1095;2020-04-08;9678;27
1096;2020-04-21;9678;13
1097;2020-03-23;9679;16
1098;2020-04-08;9679;13
1099;2020-04-02;9761;28
1100;2020-04-15;9761;14
1101;2020-04-10;9763;16
1102;2020-03-11;9772;16
1103;2020-03-21;9772;19
1104;2020-03-24;9772;25
1105;2020-04-06;9772;17
1106;2020-04-11;9773;28
1107;2020-04-17;9773;15
1108;2020-03-25;9774;18
1109;2020-03-28;9774;20
1110;2020-03-31;9774;19
1111;2020-04-04;9774;11
1112;2020-04-09;9774;17
1113;2020-03-21;9775;21
1114;2020-03-25;9775;12
1115;2020-04-23;9775;13
1116;2020-03-19;9776;12
1117;2020-03-21;9776;12
1118;2020-03-24;9776;14
1119;2020-03-29;9776;18
1120;2020-03-23;9777;19
1121;2020-03-31;9777;32
1122;2020-04-15;9777;19
1123;2020-04-01;9779;20
1124;2020-03-24;9780;11
1125;2020-03-27;9780;13
1126;2020-04-03;9780;12
1127;2020-04-06;9780;12
1128;2020-03-14;A00-A04;13
1129;2020-04-27;A05-A14;39
1130;2020-03-09;A15-A34;89
1131;2020-03-09;A35-A59;192
1132;2020-03-09;A60-A79;40
1133;2020-05-04;A80+;102
1134;2020-05-18;A80+;48
